"clientmanufacture","clientmodel"
"Lanix","X560"
"Cricket","EC211001"
"samsung","SM-A245F"
"lge","LG-M430"
"TECNO","TECNO CM6"
"motorola","motorola one vision plus"
"ZTE","ZTE A2022L"
"motorola","moto g24 power"
"ZTE","ZTE 8010"
"samsung","SM-G996U"
"Redmi","21091116UG"
"Redmi","21121119VL"
"BLU","BOLD K10"
"Redmi","21061119AL"
"TECNO","TECNO LH8n"
"samsung","SM-A236V"
"Blackview","BV4900Pro"
"Infinix","X678B"
"Redmi","21061119DG"
"ZTE","ZTE Blade L9"
"samsung","SM-A215U"
"samsung","SM-M556B"
"Lanix","Alpha 1R"
"motorola","moto g play - 2023"
"vivo","V2419"
"Redmi","23090RA98G"
"samsung","SM-A125U"
"CUBOT","X70"
"Huawei","JKM-LX3"
"samsung","SM-M315F"
"motorola","motorola edge 40"
"samsung","SM-T720"
"ZTE","ZTE Blade L210"
"samsung","SM-S921U1"
"Alcatel","5029E"
"motorola","motorola one macro"
"Hisense","Hisense V40s"
"samsung","SM-G986U1"
"BLU","G73"
"HONOR","ALT-LX3"
"motorola","motorola one action"
"HUAWEI","HMA-L09"
"xiaomi","Redmi 7"
"ZTE","Z2359"
"Caxilysh","A10"
"realme","RMX3741"
"Redmi","2312CRAD3C"
"motorola","moto g(8) plus"
"DOOGEE","S96GT"
"motorola","moto g24"
"HONOR","VER-N49"
"samsung","SM-A566E"
"CUBOT","A10"
"CUBOT","KINGKONG X PRO"
"samsung","SM-J530GM"
"Infinix","Infinix X6837"
"samsung","SM-S911U1"
"realme","RMX3823"
"POCO","25053PC47G"
"TECNO","TECNO CL6"
"motorola","moto g stylus (2021)"
"Itel","itel S686LN"
"OnePlus","BE2028"
"blackshark","SHARK KTUS-H0"
"Redmi","23100RN82L"
"Redmi","M2101K7BL"
"motorola","motorola edge 20 pro"
"FOSSiBOT","F101"
"Redmi","25028RN03L"
"HONOR","RKY-LX2"
"xiaomi","Mi A2"
"HUAWEI","GLA-LX3"
"UMIDIGI","A11 Pro Max"
"Xiaomi","23122PCD1G"
"samsung","SM-A146U"
"Xiaomi","25010PN30G"
"realme","RMX3999"
"lge","LM-Q850"
"Infinix","Infinix X669D"
"samsung","SM-F936U"
"HUAWEI","NAM-LX9"
"google","Pixel 7 Pro"
"POCO","25028PC03G"
"Infinix","Infinix X6835B"
"samsung","SM-G965U1"
"samsung","SM-A025G"
"HYUNDAI","L651"
"samsung","SM-A505U"
"google","Pixel 2 XL"
"Xiaomi","M2007J3SY"
"samsung","SM-F7310"
"Hisense","Hisense E50 Lite"
"Samsung","SM-A032M"
"motorola","motorola edge 2023"
"Redmi","220333QNY"
"ZTE","ZTE Blade A54"
"motorola","moto g15"
"lge","L-51A"
"ZUUM","AURA PRO"
"samsung","SM-S918W"
"samsung","SM-G986B"
"samsung","SM-N981U"
"samsung","SM-A025U"
"samsung","SM-A025AZ"
"motorola","moto g(9) plus"
"CUBOT","KINGKONG POWER 3"
"motorola","moto g 5G"
"DOOGEE","S41 Plus"
"OnePlus","CPH2449"
"ZUUM","COVET X"
"Xiaomi","2107113SG"
"motorola","moto e32"
"Xiaomi","Redmi 8"
"Hisense","Hisense E20s"
"Ulefone","Armor 30 Pro"
"samsung","SM-N975U1"
"samsung","SM-A366E"
"google","Pixel 8 Pro"
"Redmi","22120RN86G"
"HUAWEI","JNY-LX1"
"lge","LM-K525"
"realme","RMX3521"
"lge","LM-X410.F"
"Blackview","BV9900"
"samsung","SM-A310M"
"TCL","T790B"
"asus","ASUS_AI2401_C"
"samsung","SM-A715F"
"samsung","SM-G781V"
"TCL","T766A"
"Redmi","23106RN0DA"
"PCD","P63L"
"BLU","F92 E 5G"
"ZUUM","AURA PRIME"
"HONOR","RMO-NX3"
"POCO","2201116PG"
"HUAWEI","HMA-L29"
"samsung","SM-G975U1"
"Redmi","M2007J22C"
"Xiaomi","220233L2G"
"motorola","moto e6 play"
"samsung","SM-S938U"
"HONOR","BRP-NX3"
"OPPO","CPH2711"
"vivo","V2020A"
"xiaomi","Redmi 5 Plus"
"Redmi","2312DRAABG"
"OPPO","CPH2637"
"samsung","SM-S916W"
"samsung","SM-G988B"
"TCL","5033A"
"nubia","NX659J"
"motorola","moto g54 5G"
"TCL","9166G"
"HUAWEI","FOA-LX9"
"OnePlus","KB2001"
"HUAWEI","MAR-LX3A"
"Xiaomi","2406APNFAG"
"Xiaomi","2201122G"
"Xiaomi","Mi 9T"
"Redmi","220733SG"
"Redmi","M2101K7BG"
"OnePlus","CPH2515"
"HONOR","CMA-LX3"
"ZTE","ZTE A7020"
"Kodak","D65LX"
"motorola","motorola edge plus"
"samsung","SM-A356U1"
"T-Mobile","TMAF035G"
"samsung","SM-A145P"
"Redmi","2201117TY"
"HUAWEI","MGA-LX3"
"Redmi","2201117SY"
"DOOGEE","V30T"
"ZTE","Blade A33s"
"lge","VS996"
"realme","RMX3687"
"AQUOS","A208SH"
"samsung","SM-A145MB"
"samsung","SM-M156B"
"ZTE","ZTE Blade A52 Lite"
"ZTE","ZTE Blade L8"
"alps","R14 pro"
"vivo","V2348"
"nubia","NX779J"
"HUAWEI","MAR-LX1A"
"motorola","motorola one fusion"
"Hisense","Hisense E50i"
"HUAWEI","EML-L09"
"vivo","V2202"
"OPPO","CPH2333"
"BLU","G93"
"OPPO","CPH2577"
"ZTE","Z2453"
"DOOGEE","S punk"
"HONOR","ALI-NX3P"
"motorola","moto g stylus 5G - 2023"
"Dialn","X62"
"nubia","NX789J"
"Hisense","Hisense E60"
"Huawei","FRL-L23"
"FOSSiBOT","F102"
"TCL","T767W"
"HONOR","VNA-LX3"
"samsung","SM-S711B"
"ZTE","ZTE 8000"
"samsung","SM-A356E"
"lge","LM-K510"
"ZTE","ZTE 9050N"
"POCO","24095PCADG"
"Redmi","M2006J10C"
"lge","LGL455DL"
"OnePlus","BE2025"
"samsung","SM-N986N"
"motorola","motorola edge (2022)"
"OPPO","CPH2437"
"ZTE","ZTE 2050"
"ZTE","ZTE A2322G"
"HUAWEI","PPA-LX3"
"HONOR","JAT-LX3"
"samsung","SM-A166U"
"samsung","SM-A356U"
"samsung","SM-N960U1"
"Celero5G","WTCELERO5G"
"ZTE","Z999"
"samsung","SM-A115U"
"ZTE","Z2356"
"Redmi","220733SL"
"BLU","G64L"
"samsung","SM-G990B"
"OnePlus","PJA110"
"Xiaomi","22081212G"
"samsung","SM-J600G"
"Eudora","E65 Pro"
"Samsung","SM-A022M"
"HUAWEI","MAR-LX1B"
"motorola","Moto X Play"
"samsung","SM-G991N"
"OnePlus","CPH2459"
"Redmi","M2006C3LII"
"realme","RMX3151"
"motorola","moto g(60)"
"motorola","moto g(7) power"
"vivo","V2318"
"samsung","SM-A165F"
"samsung","SM-G9600"
"motorola","moto g power 5G - 2023"
"TECNO","TECNO KI7s"
"samsung","SM-A256E"
"samsung","SM-A7050"
"LANIX","Ilium M7V"
"UMIDIGI","RP01"
"realme","RMX2163"
8849,"TANK MINI 1"
"Xiaomi","Mi 9 SE"
"samsung","SM-G570M"
"realme","RMX3921"
"BLU","G91S"
"samsung","SM-N976V"
"Alcatel","5002B"
"BLU","Studio Mini 2023"
"OPPO","CPH2127"
"Nothing","A015"
"CUBOT","A1"
"CUBOT","A20"
"OnePlus","BE2015"
"samsung","SM-A326U"
"OUKITEL","C37"
"Redmi","22101316UCP"
"samsung","SM-A205G"
"HUAWEI","JAT-LX3"
"samsung","SM-A037M"
"OPPO","CPH2357"
"samsung","SM-G955F"
"Google Inc.","V2333"
"realme","RMX2063"
"samsung","SM-A042M"
"Nokia","Nokia C20"
"Alcatel","5028A"
"vivo","V2139"
"OPPO","CPH3669"
"OPPO","CPH2385"
"Redmi","22101316UG"
"Lenovo","TB310XU"
"HUAWEI","ART-L28"
"Alldocube","iPlay_40H"
"Google Inc.","24090RA29G"
"Xiaomi","MI 9"
"realme","RMX3930"
"KYOCERA","E6810"
"Redmi","2201116TG"
"Alcatel","5033M"
"HUAWEI","JLN-LX3"
"samsung","SAMSUNG-SM-G935A"
"samsung","SM-T220"
"samsung","SM-F946U1"
"samsung","SM-F721U"
"samsung","SM-S236DL"
"Redmi","23030RAC7Y"
"vivo","V2352A"
"T-Mobile","5062Z"
"motorola","moto g04s"
"Aocwei","X700_EEA"
"Redmi","2201116SI"
"SENWA","S50"
"HONOR","CRT-NX3"
"samsung","SM-A107M"
"Redmi","M2101K7BNY"
"ZTE","ZTE 9000"
"Vios","VI65PB1401NA"
"samsung","SM-S928W"
"OnePlus","GN2200"
"Samsung","SM-A065M"
"Xiaomi","23127PN0CG"
"Realme","RMX3624"
"motorola","moto g71 5G"
"Nokia","Nokia 2.4"
"samsung","SM-M305F"
"samsung","SM-G985F"
"Bmobile","B50"
"samsung","SM-A526U1"
"samsung","SM-G960W"
"samsung","SM-A065M"
"Redmi","22101316UP"
"samsung","SM-A225F"
"Kodak","KD50"
"samsung","SM-S911U"
"Google Inc.","K)"
"Nokia","Nokia G20"
"POCO","23122PCD1G"
"Xiaomi","Mi 9T Pro"
"samsung","SM-A515U1"
"CUBOT","P60"
"Redmi","2409BRN2CA"
"samsung","SM-F721B"
"Redmi","M2101K6I"
"samsung","SM-F741B"
"realme","RMX2193"
"OPPO","CPH2603"
"Hisense","Hisense E60 Lite"
"motorola","motorola edge (2021)"
"Samsung","SM-A325M"
"HOTWAV","T7"
"ZTE","ZTE A2023PG"
"motorola","motorola edge 5G UW (2021)"
"FreeYond","F9"
"xiaomi","Redmi Note 7"
"samsung","SM-S908E"
"samsung","SM-F926U"
"samsung","SM-N9750"
"ZTE",8050
"Tech_Pad","X9"
"OPPO","CPH2269"
"asus","ASUSAI2501B"
"lge","LM-Q610.FG"
"samsung","SM-G9650"
"google","Pixel 7a"
"Redmi","M2103K19G"
"OnePlus","BE2011"
"samsung","SM-J727T1"
"HONOR","TFY-LX1"
"ZTE","ZTE Blade V10 Vita"
"Xiaomi","MI 8"
"HONOR","JDY-LX1"
"Sony","XQ-BQ72"
"OPPO","CPH2687"
"Redmi","220233L2C"
"Infinix","Infinix X6852"
"lge","LM-X540"
"samsung","SM-F731B"
"samsung","SAMSUNG-SM-G891A"
"VIOS","65PA1"
"SkyDevices","Platinum J5"
"samsung","SM-S928B"
"OnePlus","CPH2645"
"Hyundai","HT8LAB1PBKLTM"
"Nokia","Nokia 3.1 A"
"samsung","SM-A205U"
"Redmi","2201116SG"
"ZUUM","STELLAR C"
"Samsung","SM-A037M"
"UMIDIGI","BISON"
"samsung","SM-G770U1"
"surface","Surface Duo 2"
"Redmi","2209116AG"
"google","Pixel 6 Pro"
"ZTE","Nubia 6010"
"Neffos","Neffos X20 Pro"
"Redmi","24069RA21C"
"lge","LM-Q710.FG"
"Lenovo","Lenovo K13 Note"
"lge","LM-Q730"
"motorola","moto e32(s)"
"Redmi","M2101K6G"
"realme","RMX3771"
"motorola","moto g(50)"
"Realme","RMX3939"
"Ulefone","Power Armor 19T"
"KDDI","SCV42"
"Xiaomi","Redmi 8A"
"motorola","motorola edge 50 ultra"
"Ulefone","Armor 8 Pro"
"OPPO","CPH2083"
"ZUUM","GRAVITY Z"
"ZTE","ZTE 7540N"
"realme","RMX2020"
"Xiaomi","2303ERA42L"
"TECNO","TECNO KL5"
"Redmi","M2006C3LVG"
"TCL","9137W"
"Lenovo","TB328FU"
"Redmi","23108RN04Y"
"OPPO","CPH1941"
"Infinix","Infinix X6512"
"Sonim","XP8800"
"POCO","2311DRK48I"
"Ulefone","Armor Pad"
"realme","RMX3085"
"motorola","moto e(7) power"
"samsung","SM-A516U"
"motorola","motorola one hyper"
"Xiaomi","M2101K9AG"
"ATT","SL219A"
"Itel","itel A665L"
"BLU","C5L Max"
"samsung","SM-S9080"
"CUBOT","A30"
"Acer","AX85"
"samsung","SM-N985F"
"OPPO","CPH2483"
"lge","LM-G850"
"Infinix","Infinix X6882"
"HUAWEI","JAD-LX9"
"vivo","V2324A"
"Google","Pixel"
"Vortex","HD65_Select"
"HUAWEI","ELE-L09"
"samsung","SM-S906U1"
"motorola","moto g62 5G"
"OnePlus","CPH2451"
"motorola","moto g73 5G"
"OPPO","CPH2219"
"motorola","moto g32"
"Ulefone","Armor X31 Pro"
"TCL","T774B"
"samsung","SM-A136U1"
"vivo","V2118"
"BLU","G51 Plus"
"samsung","SM-J730GM"
"Ulefone","Note 16 Pro"
"Realme","RMX3941"
"samsung","SM-A307G"
"Samsung","SM-A057M"
"samsung","SM-N986U1"
"TECNO","TECNO KL7"
"samsung","SM-N986B"
"HONOR","JSN-L21"
"ZUUM","AKUS PRO"
"HONOR","RKY-LX3"
"HONOR","NTH-NX9"
"Redmi","M2101K7AG"
"alps","I14 Pro Max"
"realme","RMX3910"
"motorola","moto e6s"
"vivo","V2205"
"ZTE","Z2455"
"vivo","V2440"
"OPPO","CPH2293"
"HONOR","ABR-LX3"
"samsung","SM-A505G"
"HONOR","YAL-L21"
"samsung","SM-A115M"
"OnePlus","LE2113"
"ZTE","ZTE 8030"
"Google Inc.","Nubia 6010"
"Redmi","M2101K7AI"
"xiaomi","Redmi Note 6 Pro"
"samsung","SM-S134DL"
"TAPLET","I16 Pro Max"
"Motorola","moto g23"
"google","Pixel 6"
"POCO","22041219PG"
"Nokia","Nokia C210"
"TCL","T701DL"
"google","Pixel 7"
"samsung","SM-A037U1"
"FreeYond","F9S"
"Verizon","SM-G930V"
"MAXON","MX4"
"motorola","moto g(8) power"
"ZUUM","STELLAR M5"
"OnePlus","DE2118"
"samsung","SM-A546V"
"OPPO","PHN110"
"W&O","X16"
"samsung","SM-S721U"
"Xiaomi","M2007J20CG"
"OPPO","CPH2477"
"Infinix","Infinix X6531"
"samsung","SM-F936W"
"samsung","SM-S916U1"
"motorola","moto e22"
"motorola","moto g(10)"
"HUAWEI","GOA-LX9"
"Redmi","2312DRA50I"
"CUBOT","P80"
"ZTE","BLADE L7A"
"realme","RMX2202"
"ZUUM","STELLAR P7"
"samsung","SM-G781U"
"Redmi","2201117SL"
"Xiaomi","23116PN5BC"
"samsung","SM-G981W"
"BLU","K10 PRO"
"HUAWEI","MAR-AL00"
"motorola","motorola razr 50"
"HONOR","PGT-N19"
"motorola","motorola edge 30"
"alps","Reno12 Pro"
"HONOR","LLY-NX3"
"OnePlus","CPH2581"
"LOGIC","LOGIC L66M"
"samsung","SM-G991U1"
"realme","RMX3231"
"OnePlus","CPH2469"
"HONOR","VNE-LX3"
"Redmi","23129RAA4G"
"Redmi","22120RN86I"
"OPPO","CPH2557"
"samsung","SM-A135M"
"samsung","SM-G781W"
"samsung","SM-G988W"
"Xiaomi","2212ARNC4L"
"HUAWEI","RNE-L23"
"ZTE","Z2467"
"realme","RMX3241"
"samsung","SM-G970F"
"realme","RMX3760"
"motorola","motorola edge 30 fusion"
"Ulefone","Armor 22"
"motorola","moto g(100)"
"HUAWEI","ANE-LX3"
"Redmi","22101317C"
"lge","LM-G900"
"Redmi","2312CRNCCL"
"Acer","AC81"
"samsung","SM-A205FN"
"FreeYond","2305003M"
"motorola","motorola one 5G UW"
"samsung","SM-A326U1"
"Techpad","M5GO"
"Google Inc.","V2139"
"lge","LM-X430"
"VOVE","I15 Pro Max"
"OUKITEL","WP35"
"Redmi","23124RA7EO"
"samsung","SM-G950F"
"Nokia","Nokia C21"
"samsung","SM-G975F"
"motorola","moto e"
"motorola","motorola edge 30 ultra"
"samsung","SM-N981U1"
"Infinix","Infinix X6855"
"vivo","V2158"
"HUAWEI","BNE-LX3"
"OnePlus","ONEPLUS A5010"
"Samsung","SM-G998U"
"OPPO","CPH2205"
"samsung","SM-A346E"
"Nokia","TA-1038"
"samsung","SM-A013G"
"motorola","moto e(6) plus"
"Xiaomi","2312FPCA6G"
"Xiaomi","M2101K9G"
"samsung","SM-A346M"
"OPPO","CPH2529"
"lge","LM-G820"
"HUAWEI","SNE-LX3"
"TECNO","TECNO L6502S"
"OnePlus","EB2103"
"ZUUM","Stellar Max"
"OnePlus","IV2201"
"HUAWEI","AGS2-L03"
"samsung","SM-A510M"
"motorola","moto g34 5G"
"samsung","SM-S921B"
"T-Mobile","TMRV075G"
"samsung","SM-A256U1"
"samsung","SM-S906W"
"Huawei","PPA-LX3"
"DOOGEE","S110"
"samsung","SM-S928U1"
"samsung","SM-A136U"
"vivo","V2028"
"HOTWAV","Cyber 15"
"Motorola","edge"
"lge","LM-G710"
"samsung","SM-A013M"
"realme","RMX3709"
"OnePlus","IN2015"
"POCO","2412DPC0AG"
"samsung","SM-S908W"
"Redmi","M2006C3LG"
"samsung","SM-A155M"
"samsung","SM-A315F"
"ZTE","nubia 8150N"
"OnePlus","CPH2663"
"Hisense","Hisense E50s 128GB"
"Redmi","2502FRA65G"
"xiaomi","Redmi Note 8T"
"samsung","SM-S906E"
"samsung","SM-S901E"
"samsung","SM-F127G"
"Nokia","Nokia G400 5G"
"samsung","SM-M325F"
"HONOR","TFY-LX2"
"samsung","SM-A805F"
"POCO","2412DPC0AI"
"OnePlus","CPH2605"
"Redmi","23028RNCAG"
"Motorola","moto g stylus 5G"
"FOSSiBOT","F106 Pro"
"HUAWEI","DUB-LX3"
"blackshark","SHARK PAR-H0"
"OPPO","CPH2669"
"samsung","SM-A720F"
"Redmi","M2006C3LI"
"S30Ultra","S30Ultra"
"OPPO","CPH2695"
"lge","LM-K500"
"T-Mobile","TMAF025G"
"HONOR","BVL-N49"
"motorola","Moto Z (2)"
"HUAWEI","WKG-LX9"
"real_brand","A0001"
"motorola","moto g72"
"OUKITEL","C35"
"samsung","SM-N970U"
"T-Mobile","T790W"
"motorola","moto g(10) power"
"XSD","Pro12-A"
"google","Pixel 8"
"Redmi","23113RKC6C"
"Reno 11 Pro","Reno 11 Pro"
"Redmi","22031116BG"
"KDDI","SCV40"
"samsung","SM-S546VL"
"samsung","SM-A705W"
"Cloud_Mobile","Stratus_C7"
"OPPO","CPH2365"
"Redmi","2311DRN14I"
"motorola","motorola razr 60 ultra"
"motorola","moto g75 5G"
"Redmi","24115RA8EG"
"ZUUM","Magno Pro"
"Redmi","21121119SG"
"samsung","SM-J327T1"
"ZTE","ZTE BLADE V Ultra Z982"
"motorola","moto g05"
"samsung","SM-S908U"
"Redmi","22011119UY"
"ZUUM","AKUS P1"
"HUAWEI","NEN-LX3"
"CUBOT","KINGKONG 9"
"Motorola","moto g24 power"
"Vortex","HD65_PLUS"
"Bmobile","BL63Pro"
"Xiaomi","M2101K9R"
"lge","LM-V450"
"OPPO","CPH2343"
"samsung","SM-A107F"
"samsung","SM-A266M"
"samsung","SM-A105M"
"HUAWEI","ALT-L29"
"OPPO","CPH2689"
"motorola","Moto G (4)"
"samsung","SM-A315G"
"nubia","Z2464N"
"samsung","SM-T225"
"samsung","SM-A145F"
"motorola","moto g31(w)"
"HUAWEI","BLK-LX9"
"OPPO","CPH2251"
"samsung","SM-M236B"
"samsung","SM-S9010"
"HUAWEI","TRT-L53"
"Nokia","Nokia C12"
"Ulefone","Armor 25T Pro"
"samsung","SM-A326B"
"Huawei","NEN-LX3"
"Redmi","23090RA98I"
"alps","S25_Ultra"
"motorola","moto g(6)"
"Redmi","M2007J17C"
"motorola","moto g35 5G"
"HONOR","REA-NX9"
"Infinix","Infinix X6857"
"google","Pixel 8a"
"Redmi","Redmi Note 9S"
"TECNO","TECNO BG6"
"vivo","V2430"
"UNONU","UNONU N63"
"MAXON","MX50"
"Infinix","Infinix X6823C"
"Blackview","BV8900 Pro"
"HONOR","CLK-LX3"
"samsung","SM-J410G"
"Blackview","SHARK 8"
"HONOR","CLK-LX2"
8849,"TANK 2 PRO"
"samsung","SM-S711U1"
"Blackview","BV8900"
"TCL","T770B"
"HUAWEI","CDY-NX9A"
"Redmi","2201117TG"
"alps","S24 Ultra"
"Vortex","HD62"
"realme","RMX3840"
"POCO","2310FPCA4I"
"OPPO","CPH2211"
"Xiaomi","2211133G"
"UMIDIGI","Power 3"
"motorola","XT1635-02"
"POCO","22101320G"
"OSCAL","TIGER 12"
"google","Pixel 5"
"TECNO","TECNO A571LS"
"Dialn","Neo"
"samsung","SM-A055F"
"motorola","moto g55 5G"
"Nokia","Nokia 6.2"
"Google Inc.","2409BRN2CL"
"HUAWEI","ELE-L04"
"realme","RMX5078"
"HUAWEI","ABR-LX9"
"Lanix","Alpha 1V"
"CellAllure","Mate 60"
"HUAWEI","RNE-L03"
"MAXON","MX70 PRO"
"Sony","XQ-BT52"
"HONOR","JSN-L23"
"ZTE","ZTE A7030"
"motorola","moto g200 5G"
"samsung","SM-A115F"
"motorola","moto e(7) plus"
"CUBOT","MAX 5"
"motorola","moto e(6i)"
"Samsung","SM-A155M"
"Samsung","SM-A135M"
"Infinix","Infinix X6870"
"ZTE","ZTE Blade A3 Lite"
"Redmi","21061119AG"
"samsung","SM-A165M"
"samsung","SM-S931W"
"samsung","SM-F936U1"
"Lanix","Ilium Alpha 5T"
"Samsung","SM-S928B"
"naomicase","N4MAX"
"lge","LM-F100"
"OUKITEL","WP23 Plus"
"samsung","SM-A236M"
"motorola","motorola one vision"
"vivo","V2219"
"BLU","S91"
"samsung","SM-F916U"
"Redmi","M2101K7BI"
"samsung","SM-A146M"
"HUAWEI","ELE-L29"
"Xiaomi","2201117TL"
"DOOGEE","S61Pro"
"OnePlus","BE2029"
"ZTE","BLADE V8 SE"
"samsung","SM-A015M"
"Compaq","Q6"
"Blackview","A95"
"realme","RMX3853"
"Nokia","Nokia 7.2"
"Xiaomi","2304FPN6DG"
"samsung","SM-M625F"
"motorola","motorola one fusion+"
"samsung","SM-F731W"
"OnePlus","HD1900"
"Ulefone","Power Armor 16S"
"HONOR","LLY-LX3"
"ZTE","ZTE 9046"
"motorola","moto g play - 2024"
"Samsung","SM-A326U"
"vivo","V2242"
"Nokia","Nokia C30"
"FOSSiBOT","F109"
"samsung","SM-A325M"
"Motorola","moto g85 5G"
"lge","LG-H918"
"samsung","SM-N970U1"
"nubia","NX711J"
"motorola","moto g(9)"
"XMOBILE","X55"
"samsung","SM-S926U"
"Motorola","moto g54 5G"
"motorola","Moto Z2 Play"
"Welcome","X20"
"HONOR","FCP-N49"
"OPPO","CPH2371"
"Redmi","M2006C3MG"
"samsung","SM-A102U"
"OPPO","CPH2697"
"TCL","T702W"
"samsung","SM-G950U"
"Redmi","23028RN4DG"
"samsung","SM-A155F"
"OnePlus","CPH2609"
"samsung","SM-A305G"
"realme","RMX3563"
8849,"TANK 3"
"HONOR","JSN-AL00a"
"HUAWEI","DRA-LX9"
"Infinix","Infinix X6850"
"samsung","SM-F731U1"
"OnePlus","IN2017"
"samsung","SM-A146U1"
"Xiaomi","Redmi Note 8"
"HUAWEI","HBP-LX9"
"Redmi","21121119SC"
"samsung","SM-F741W"
"samsung","SM-N976N"
"samsung","SM-S926B"
"samsung","SM-G998B"
"samsung","SM-G965U"
"POCO","21091116AG"
"HUAWEI","MNA-LX9"
"samsung","SM-M346B"
"T-Mobile","TMRV065G"
"Redmi","23021RAAEG"
"samsung","SM-S911B"
"motorola","moto g84 5G"
"motorola","moto g(8)"
"Redmi","M2101K6R"
"realme","RMX3491"
"WIKO","U616AT"
"samsung","SM-G892A"
"realme","RMX2170"
"WIKO","Wiko U316AT"
"HUAWEI","ANA-LX4"
"Infinix","Infinix X6710"
"samsung","SM-S906U"
"HUAWEI","NCO-LX3"
"HAFURY","MEET"
"samsung","SM-A226BR"
"samsung","SM-N770F"
"Huawei","CTR-LX3"
"vivo","V2023"
"samsung","SM-A166U1"
"HUAWEI","DRA-LX3"
"samsung","SM-A045F"
"Redmi","21061119BI"
"Reno12 Pro","Reno12 Pro"
"OnePlus","GM1915"
"samsung","SM-A042F"
"motorola","XT1635-01"
"motorola","moto g stylus (2022)"
"HAFURY","V1"
"samsung","SM-F731U"
"samsung","SM-G973U1"
"HUAWEI","PAR-LX9"
"Redmi","23090RA98C"
"DOOGEE","S200"
"Motorola","moto g82 5G"
"realme","RMX3624"
"samsung","SM-A320Y"
"samsung","SM-A716U1"
"POCO","21121210G"
"KXD","A07"
"samsung","SM-N9860"
"Redmi","Redmi Note 8 Pro"
"samsung","SM-A217F"
"motorola","moto e(7)"
"vivo","V2145"
"HUAWEI","MAO-LX9"
"Acer","A61LX"
"Blackview","BV6200"
"samsung","SM-A047F"
"samsung","SM-A035F"
"samsung","SM-G980F"
"HONOR","AGM3-W09HN"
"Ulefone","Power Armor 18T"
"motorola","moto g(60)s"
"TECNO","TECNO KL4"
"Xiaomi","22081212UG"
"Redmi","24116RACCG"
"HUAWEI","LYA-L09"
"samsung","SM-A546U1"
"POCO","2410FPCC5G"
"HUAWEI","ATU-LX3"
"HONOR","ELP-NX9"
"Tech Pad","S6+"
"nubia","NX769J"
"ZTE","ZTE 9030"
"Cloud","Stratus_C5"
"Xiaomi","M2011K2G"
"POCO","2311DRK48G"
"google","Pixel 9 Pro XL"
"samsung","SM-A530F"
"I14 Pro Max","pop"
"ZUUM","Magno C Plus"
"samsung","SM-A505FN"
"realme","RMX3851"
"Xiaomi","22031116BG"
"samsung","SM-M055F"
"HUAWEI","FIG-LX3"
"Redmi","23053RN02L"
"Redmi","23124RN87C"
"samsung","SM-A125F"
"motorola","moto e5 play"
"CUBOT","KINGKONG POWER"
"Infinix","Infinix X6881"
"Xiaomi","24129PN74G"
"realme","RMX3852"
"POCO","22041216G"
"samsung","SM-J737P"
"ZTE","ZTE A2021L"
"ZUUM","MAGNO P3"
"OPPO","CPH2239"
"ZTE","ZTE 9047"
"HUAWEI","MAR-LX1M"
"HONOR","FNE-NX9"
"vivo","V2441"
"Honeywell","CT60"
"samsung","SM-A105F"
"Honor","LLY-L33"
"samsung","SM-G996W"
"samsung","SM-A505F"
"Hisense","Hisense V40i"
"google","Pixel 6a"
"TCL","5087Z"
"DOOGEE","V Max"
"samsung","SM-S908U1"
"TECNO","TECNO KL6"
"samsung","SM-S711U"
"vivo","V2352"
"motorola","REVVLRY+"
"Xiaomi","2112123AG"
"OnePlus","CPH2611"
"Acer","AC92"
"HUAWEI","ELS-N04"
"Nothing","A001"
"CUBOT","X90"
"samsung","SM-J610G"
"motorola","moto g23"
"motorola","moto g14"
"samsung","SM-G955U1"
"samsung","SM-A520F"
"TCL","6165A"
"OPPO","CPH2185"
"samsung","SM-A705MN"
"OPPO","CPH2179"
"OnePlus","CPH2411"
"HUAWEI","YAL-L21"
"Redmi","23129RA5FL"
"Google Inc.","24049RN28L"
"ZUUM","SENS M1"
"ZTE","ZTE 7060"
"Infinix","X6528"
"OnePlus","NE2213"
"Redmi","22101320C"
"realme","RMX3242"
"samsung","SM-G960U1"
"S23+","S23+"
"FOSSiBOT","F101 P"
"motorola","motorola edge 60 pro"
"lge","LM-K420"
"motorola","motorola one 5G UW ace"
"samsung","SM-G930P"
"TCL","T676J"
"TCL","T610E"
"Xiaomi","Mi A3"
"samsung","SM-G615F"
"CellAllure","Miracle_Y"
"samsung","SM-S156V"
"OPPO","CPH2197"
"POCO","24069PC21G"
"Nothing","A063"
"HONOR","MOA-LX9N"
"samsung","SM-G935T"
"samsung","SM-M225FV"
"samsung","SM-J260T1"
"samsung","SM-M546B"
"Ulefone","Power Armor 19"
"Nokia","Nokia C01 Plus"
"motorola","motorola one 5G"
"ZTE","ZTE A2022PG"
"motorola","moto g(7)"
"POCO","220333QPG"
"samsung","SM-G780F"
"ZUUM","COVET_PRO_LITE"
"samsung","SM-M336BU"
"HUAWEI","HUAWEI VNS-L23"
"Redmi","M2010J19SY"
"motorola","moto g(6) plus"
"alps","S23 Ultra"
"samsung","SM-A546U"
"samsung","SM-M356B"
"samsung","SM-S721W"
"OPPO","PEGM00"
"Xiaomi","M2007J17G"
"HUAWEI","HUAWEI VNS-L53"
"samsung","SM-A055M"
"samsung","SM-A336M"
"ZUUM","STELLAR P5"
"samsung","SM-S926U1"
"HONOR","STK-LX3"
"CHUWI","Hi10 XPro"
"motorola","moto e20"
"HONOR","BRP-NX1"
"Google","Pixel 4"
"Samsung","SM-A035M"
"Alcatel","4065F"
"motorola","moto g(9) power"
"samsung","SM-S938N"
"OUKITEL","WP22"
"realme","RMX3939"
"ZUUM","AURA M1"
"HONOR","ALI-NX1"
"HUAWEI","ICL-LX9"
"Nothing","A142"
"ZTE","ZTE A2121L"
"motorola","moto g22"
"Infinix","Infinix X669"
"Ulefone","Armor 24"
"IIIF150","Air1 Ultra+"
"Huawei","STK-LX3"
"motorola","motorola edge 30 neo"
"OnePlus","IN2025"
"samsung","SM-G973W"
"OUKITEL","WP36"
"motorola","motorola edge 50"
"OnePlus","KB2003"
"motorola","motorola edge 60 fusion"
"nubia","Z2352N"
"OnePlus","CPH2493"
"samsung","SM-J727U"
"UMIDIGI","A9 Pro"
"realme","RMX3371"
"motorola","Moto G (5S) Plus"
"Alcatel","5007A"
"OPPO","CPH2629"
"Redmi","22101316I"
"HONOR","DUA-LX3"
"ZUUM","STELLAR M1"
"DOOGEE","S96Pro"
"motorola","moto g 5G - 2023"
"Xiaomi","23078PND5G"
"TCL","8193A"
"realme","RMX3301"
"samsung","SM-G970U"
"HONOR","RMO-NX1"
"realme","RMX2151"
"samsung","SM-A5360"
"onn","M17QF21W"
"HUAWEI","CTR-L81"
"S23 Ultra","pop"
"HUAWEI","EVE-LX3"
"HUAWEI","HBN-LX9"
"SOHO_STYLE","SS5724G"
"samsung","SM-S938W"
"HONOR","WOD-LX3"
"Tech_Pad","Tech Pad X10"
"CUBOT","NOTE 21"
"motorola","moto g51 5G"
"samsung","SM-N975W"
"Blackview","BL8800Pro"
"SkyDevices","Elite P55Max"
"motorola","moto e30"
"naomicase","Nilo"
"DOOGEE","N55 Pro"
"Motorola","moto g04"
"samsung","SM-G981U"
"Xiaomi","Mi Note 10 Lite"
"Compaq","QTab10_LTE"
"Redmi","23028RA60L"
"Cloud_Mobile","Stratus C8"
"motorola","moto g13"
"Hisense","Hisense Infinity H50 ZOOM"
"HUAWEI","MAR-LX3Bm"
"samsung","SM-G986U"
"samsung","SM-G780G"
"Hisense","Hisense E50"
"samsung","SM-A505W"
"samsung","SM-N980F"
"Redmi","23078RKD5C"
"samsung","SM-A725M"
"BLU","Vivo XI+"
"Lanix","Alpha 5V"
"samsung","SM-G988N"
"samsung","SM-A135U"
"samsung","SM-A057F"
"OUKITEL","WP50"
"OnePlus","ONEPLUS A6013"
"motorola","moto g(9) play"
"Redmi","M2012K10C"
"samsung","SM-S918U"
"ZTE","ZTE Blade L220"
"WIKO","WIKO T10"
"samsung","SM-S9280"
"OUKITEL","WP28 S"
"OnePlus","NE2217"
"Xiaomi","MI 8 Lite"
"VOVE","GT 20 Pro"
"HUAWEI","CTR-L91"
"Google Inc.","MP05"
"samsung","SM-A736B"
"samsung","SM-A136M"
"samsung","SM-A336B"
"HUAWEI","MAR-LX3Am"
"samsung","SM-G973F"
"DOOGEE","Blade GT"
"motorola","moto e5"
"Redmi","24040RN64Y"
"samsung","SM-A135F"
"CUBOT","KINGKONG STAR"
"Xiaomi","Mi 10 Pro"
"samsung","SM-A057M"
"samsung","SM-A025M"
"motorola","motorola edge 50 pro"
"Vortex","A24"
"samsung","SM-N975U"
"samsung","SM-G990U2"
"ZUUM","STELLAR P8"
"Acer","AC50"
"motorola","moto g(7) play"
"realme","RMX5056"
"samsung","SM-A556E"
"ZTE","ZTE 8046"
"ZTE","ZTE Blade A7 2019"
"POCO","M2103K19PG"
"OUKITEL","WP32"
"HOTWAV","Note 15"
"Sony","G3123"
"Ulefone","Armor 21"
"lge","LM-K200"
"HUAWEI","FLA-LX3"
"samsung","SM-G977U"
"samsung","SM-G986W"
"OnePlus","CPH2415"
"Redmi","M2010J19SL"
"POCO","POCO F2 Pro"
"OUKITEL","WP28 E"
"samsung","SM-N950U1"
"Redmi","2311FRAFDC"
"Redmi","220333QL"
"samsung","SM-A605GN"
"samsung","SM-G998U1"
"Xiaomi","2203129G"
"vivo","V2203A"
"T-Mobile","5007W"
"motorola","moto g(8) play"
"Motorola","one"
"asus","ASUS_I005DA"
"Nokia","Nokia 2"
"HONOR","CLK-NX3"
"Redmi","2312DRA50G"
"W&O","X25 Ultra"
"lge","LM-V600"
"samsung","SM-A546E"
"POCO","23113RKC6G"
"motorola","motorola razr plus 2023"
"lge","LM-K410"
"Philips","S6206"
"ZTE","ZTE Blade A31 Plus"
"samsung","SM-G981U1"
"HONOR","WDY-LX3"
"realme","RMX3511"
"HONOR","NTN-LX3"
"nubia","NX729J"
"realme","RMX3363"
"samsung","SM-S111DL"
"samsung","SM-F956U1"
"OPPO","CPH2067"
"samsung","SM-G930F"
"samsung","SM-G973U"
"Redmi","M2007J22G"
"samsung","SM-M325FV"
"VORTEX","VORTEX CM62"
"FOSSiBOT","S3 Pro"
"asus","ASUS_AI2401_D"
"realme","RMX3311"
"Redmi","24090RA29I"
"OPPO","CPH2015"
"samsung","SM-G986N"
"OPPO","oppo6779"
"Honor","WDY-L13"
"samsung","SM-J610F"
"Amazon","KFMAWI"
"Infinix","Infinix X6525"
"samsung","SM-A156U1"
"HUAWEI","CLT-L04"
"Motorola","moto g72"
"samsung","SM-A716V"
"HUAWEI","STG-LX2"
"realme","RMX3938"
"lge","LM-K520"
"SOHO_STYLE","S1586K"
"Xiaomi","21081111RG"
"Redmi","23013RK75C"
"Nokia","Nokia X30 5G"
"samsung","SM-S938B"
"Redmi","22101320G"
"TCL","T766J"
"samsung","SM-S938U1"
"OUKITEL","C57 Pro"
"realme","RMX2121"
"Samsung","SM-A245M"
"Xiaomi","23129RA5FL"
"LOGIC","LOGIC L66 PRO"
"HONOR","RBN-NX1"
"Infinix","Infinix X678B"
"realme","RMX2144"
"samsung","SM-S936U"
"OnePlus","HD1925"
"samsung","SM-M135M"
"Redmi","2201117SI"
"TECNO","TECNO KJ6"
"ZTE","ZTE Blade A34"
"motorola","moto z4"
"POCO","M2012K11AG"
"motorola","motorola edge 20 lite"
"OnePlus","CPH2465"
"samsung","SM-A536E"
"Infinix","Infinix X6962"
"OPPO","CPH2525"
"Xiaomi","2210129SG"
"ZTE","ZTE Blade A3 2020"
"samsung","SM-A750G"
"Maxwest","MX-A65"
"Samsung","SM-A556E"
"vivo","vivo 1933"
"samsung","SM-F946W"
"HUAWEI","DCO-LX9"
"motorola","moto e13"
"Redmi","2312DRAABC"
"Redmi","220333QAG"
"HUAWEI","BLA-L29"
"samsung","SM-S916B"
"samsung","SM-G990U1"
"ZTE","ZTE 8050"
"OSCAL","Pad 18"
"Lanix","Alpha 3V"
"Blackview","BV8800"
"CUBOT","NOTE 50"
"Lenovo","TB328XU"
"motorola","motorola edge 2024"
"xiaomi","Redmi Note 8"
"ZTE","ZTE Blade A53"
"lge","LM-V500"
"ZUUM","AURA PRO JLO"
"Huawei","ANG-L02"
"Unihertz","TANK 01"
"motorola","moto g 5G - 2024"
"samsung","SM-S901U1"
"Hisense","Hisense H60 Smart"
"HONOR","ALI-NX3"
"motorola","moto g power (2022)"
"realme","RMX2111"
"POCO","2201117PG"
"HUAWEI","AGS6-W09"
"samsung","SM-J400M"
"ZUUM","AURA Z1"
"Xiaomi","M2007J3SG"
"Redmi","23129RN51X"
"motorola","motorola one zoom"
"samsung","SM-A032M"
"Infinix","Infinix X6831"
"Nokia","Nokia 5.4"
"realme","RMX3630"
"Google Inc.","V2352"
"XGODY","K800Y"
"samsung","SM-G996U1"
"Xiaomi","M2011K2C"
"ZTE","BLADE V Ultra"
"realme","RMX3686"
"DOOGEE","V Max Plus"
"motorola","motorola one 5G ace"
"TCL","T612B"
"ZTE","Z2350"
"ZTE","Z982"
"HUAWEI","VOG-L04"
"Lenovo","Lenovo TB-7104I"
"vivo","V2341"
"realme","RMX3941"
"samsung","SM-F7110"
"OnePlus","HD1907"
"motorola","moto g stylus"
"ACER","A60L"
"samsung","SM-F936B"
"realme","RMX3834"
"samsung","SM-A730F"
"Realme","RMX3760"
"TWL","F1X"
"samsung","SM-A515F"
"Lanix","Ilium M7T"
"FOSSiBOT","F101 Pro"
"motorola","motorola razr 2022"
"OUKITEL","WP35 S"
"HUAWEI","PPA-LX2"
"motorola","motorola edge"
"lge","LM-X525"
"samsung","SM-A127M"
"ZTE","Z2450"
"motorola","Moto E (4)"
"motorola","Moto G (5) Plus"
"Redmi","24040RA98R"
"samsung","SM-A235F"
"Samsung","SM-A025M"
"samsung","SM-A245M"
"OPPO","CPH2579"
"POCO","2207117BPG"
"samsung","SM-M515F"
"vivo","V2333"
"motorola","moto e40"
"Welcome","Y36"
"vivo","V2310"
"samsung","SM-A536U1"
"ZTE","ZTE Axon 10 Pro"
"motorola","motorola razr 5G"
"HUAWEI","DBY-W09"
"Hisense","Hisense H50 Lite"
"realme","RMX2001"
"samsung","SM-S931B"
"samsung","SM-G9750"
"realme","RMX3842"
"ZTE","ZTE A2023G"
"OPPO","CPH2599"
"samsung","SM-A035M"
"Google Inc.",""
"BLU","G61S"
"samsung","SM-J737T"
"samsung","SM-A217M"
"OPPO","CPH2519"
"samsung","SM-A025F"
"Welcome","i16 Pro"
"OPPO","CPH2565"
"Huawei","MGA-LX3"
"POCO","2312FPCA6G"
"Lenovo","TB310FU"
"realme","RMX3661"
"Redmi","M2006C3MII"
"Hisense","Hisense E50 128G"
"google","Pixel 9"
"Redmi","23117RA68G"
"Redmi","22127RK46C"
"Huawei","WKG-LX9"
"motorola","motorola edge 20"
"samsung","SM-G970U1"
"TCL","6125F"
"ZTE","ZTE A7050"
"ZTE","Nubia 4010"
"Hisense","Hisense U50"
"OnePlus","DN2103"
"OnePlus","GM1917"
"samsung","SM-T510"
"samsung","SM-G998W"
"motorola","moto g 5G (2022)"
"motorola","moto g04"
"Cricket","U6080AC"
"Redmi","23117RK66C"
"samsung","SM-G7810"
"samsung","SM-A207M"
"samsung","SM-N9600"
"samsung","SM-A525M"
"samsung","SM-G998N"
"Hisense","HLTE230E"
"OnePlus","CPH2389"
"samsung","SM-G781U1"
"POCO","M2007J20CG"
"google","Pixel 9a"
"Xiaomi","Redmi K20 Pro"
"BLU","B1550VL"
"OPPO","CPH2659"
"HONOR","DNN-LX9"
"Honor","WDY-L03"
"samsung","SM-S901W"
"samsung","SM-A156U"
"OPPO","CPH2123"
"vivo","V2027"
"Redmi","24049RN28L"
"lge","LG-H870"
"Nokia","Nokia X100"
"samsung","SM-M022M"
"TECNO","TECNO LI7"
"Motorola","moto g32"
"samsung","SM-G955U"
"ZTE",2050
"google","Pixel 3"
"CUBOT","KINGKONG 7"
"SENWA","S40"
"motorola","Motorola Defy"
"samsung","SM-A065F"
"realme","RMX3933"
"realme","RMX3263"
"CHUWI","HiPad XPro"
"Honor","BRP-N23"
"Xiaomi","23127PN0CC"
"samsung","SM-F926B"
"samsung","SM-G965N"
"Redmi","2212ARNC4L"
"Redmi","2201116SC"
"HUAWEI","POT-LX1"
"LG","Nexus 5"
"samsung","SM-A226B"
"samsung","SM-G975U"
"Redmi","2201116TI"
"HUAWEI","WAS-LX3"
"lge","LM-G900TM"
"Blackview","BV9300 Pro"
"POCO","21061110AG"
"motorola","motorola edge 40 pro"
"TCL","T799B"
"nubia","Z2465N"
"samsung","SM-A236U1"
"samsung","SM-S135DL"
"realme","RMX3890"
"motorola","moto g53 5G"
"motorola","moto e14"
"samsung","SM-F721U1"
"COMPAQ","Q5"
"Motorola","moto g71 5G"
"HONOR","NTN-LX1"
"Alcatel","6002A"
"motorola","motorola razr 40"
"Xiaomi","2106118C"
"Infinix","Infinix X6528"
"Redmi","M2010J19SG"
"google","Pixel 4a (5G)"
"Hyundai","Hyundai_Eternity_G50"
"samsung","SM-A920F"
"Redmi","220233L2G"
"Hisense","Hisense V50"
"Unihertz","Ticktock"
"Vortex","CG65"
"vivo","V2050"
"nubia","Z2353"
"Redmi","23026RN54G"
"Redmi","21091116C"
"OPPO","PJH110"
"samsung","SM-F946U"
"samsung","SM-G935F"
"Lenovo","Lenovo TB-8505FS"
"realme","RMX3370"
"OPPO","CPH2531"
"Verizon","SM-G920V"
"motorola","moto g42"
"Vortex","T10M_Pro"
"CUBOT","KINGKONG ACE 3"
"ZUUM","AURA_Z"
"Redmi","Redmi Note 10 Lite"
"Xiaomi","2306EPN60G"
"DOOGEE","Fire 6 Power"
"WIKO","W-V770"
"OnePlus","LE2123"
"ZTE","ZTE Blade A51"
"motorola","moto g power (2021)"
"Ulefone","Note 17 Pro"
"samsung","SM-A336E"
"lge","LM-X420"
"samsung","SM-A307FN"
"samsung","SM-S721B"
"TECNO","TECNO KJ5"
"Cat","S62"
"Nokia","Nokia G310 5G"
"Ulefone","Armor X8"
"OnePlus","KB2005"
"lge","LM-G910"
"IIIF150","B2 Pro"
"Honor","RKY-L33"
"ZTE","ZTE Blade A52"
"POCO","2404APC5FG"
"Sony","G8141"
"HUAWEI","JNY-LX2"
"samsung","SM-A528B"
"TCL","T671E"
"CUBOT","KINGKONG_ES"
"samsung","SM-M115F"
"Redmi","22041219NY"
"samsung","SM-F946B"
"motorola","moto g82 5G"
"OnePlus","NE2215"
"samsung","SM-S936B"
"motorola","moto g power - 2025"
"Redmi","24044RN32L"
"Xiaomi","Mi 10"
"samsung","SM-A207F"
"nubia","NX721J"
"BLU","G63"
"Sony","XQ-FS72"
"TCL","5102L"
"Redmi","24090RA29G"
"HUAWEI","AMN-LX3"
"samsung","SM-G991U"
"HONOR","NDL-L03"
"ZTE","ZTE 9045"
"HUAWEI","LYA-AL00"
"Biegedy","B29_US"
"motorola","moto g play (2021)"
"samsung","SM-S146VL"
"vivo","V2206"
"Honor","LLY-L31"
"motorola","motorola edge 30 pro"
"ZTE","ZTE Blade A5 2020"
"samsung","SM-G990E"
"google","Pixel 4"
"realme","RMX3830"
"Welcome","X17"
"DOOGEE","S100Pro"
"Asus","ASUS_I005DA"
"motorola","moto g stylus 5G (2022)"
"Cat","S42"
"Huawei","CLK-L33"
"samsung","SM-N960U"
"motorola","moto g stylus (2023)"
"BLU","G50 Plus"
"realme","RMX3081"
"samsung","SM-F956B"
"xiaomi","Mi A1"
"Xiaomi","2201123G"
"motorola","motorola razr 40 ultra"
"samsung","SM-A536U"
"HUAWEI","MIS-LX9"
"Nokia","Nokia 4.2"
"Infinix","Infinix X6516"
"lge","LM-Q630"
"WIKO","WIKO T50"
"vivo","V2247"
"Motorola","moto g62 5G"
"Infinix","Infinix X6871"
"samsung","SM-G996B"
"Redmi","23077RABDC"
"YUHO","YUHO_Y1_StarS"
"HONOR","CRT-LX2"
"HONOR","CRT-LX3"
"POCO","24117RK2CG"
"Samsung","SM-S711B"
"Motorola","moto g(20)"
"Redmi","2303ERA42L"
"HUAWEI","ALP-L09"
"Nokia","Nokia 5.3"
"Redmi","23053RN02Y"
"samsung","SM-J337AZ"
"Nokia","Nokia C21 Plus"
"OUKITEL","G1"
"POCO","22021211RG"
"HUAWEI","ADY-LX9"
"samsung","SM-M336B"
"TCL","5048A"
"lge","LM-V405"
"ZUUM","SENS G"
"samsung","SM-G9980"
"Vortex","HD65_Ultra"
"samsung","SM-A047M"
"HOTWAV","Cyber 13 Pro"
"vivo","V2314"
"UMIDIGI","MP05"
"HONOR","GFY-LX3"
"motorola","moto g stylus 5G - 2024"
"ZTE","Z2459"
"Redmi","220733SI"
"POCO","M2007J20CI"
"motorola","moto e(7i) power"
"samsung","SM-A156M"
"nubia","NX724J"
"HONOR","CRT-NX1"
"HONOR","JDY-LX3P"
"samsung","SM-G975W"
"Samsung","SM-A217M"
"CUBOT","KINGKONG X"
"vivo","V2427"
"samsung","SM-S928U"
"Redmi","M2004J19C"
"Schok","Schok Volt SV55"
"motorola","moto g85 5G"
"Samsung","SM-A546E"
"samsung","SM-N970F"
"samsung","SM-F926U1"
"samsung","SM-A037U"
"HUAWEI","CTR-LX3"
"Nokia","Nokia G11 Plus"
"samsung","SM-A145M"
"HUAWEI","VOG-TL00"
"realme","RMX3867"
"ZUUM","AURA PLUS JLO"
"OUKITEL","WP36 Pro"
"samsung","SM-F711U"
"samsung","SM-A045M"
"Redmi","22041219G"
"Acer","AX61"
"CUBOT","KINGKONG 8"
"Nokia","Nokia G21"
"Redmi","24117RN76L"
"samsung","SM-N950F"
"UMIDIGI","RP08"
"HONOR","ELI-NX9"
"Motorola","moto e13"
"motorola","REVVLRY"
"Xiaomi","2109119DG"
"Infinix","Infinix X6853"
"samsung","SM-A137F"
"CUBOT","X50"
"Redmi","21121210C"
"google","Pixel 4 XL"
"samsung","SM-A426U1"
"OPPO","CPH2387"
"ZTE","ZTE Blade A7 2020"
"Kodak","D55L"
"samsung","SM-G950U1"
"motorola","Moto Z3 Play"
"samsung","SM-S901U"
"samsung","SM-F7210"
"Xiaomi","POCOPHONE F1"
"Samsung","SM-A045M"
"samsung","SM-E625F"
"samsung","SM-A136W"
"motorola","moto g stylus 5G"
"realme","RMX3871"
"Infinix","Infinix X6833B"
"SOHO_STYLE","SS5314G"
"Ulefone","Armor 12 5G"
"TAPLET","M15 Pro"
"samsung","SM-F711B"
"CUBOT","NOTE 40"
"OPPO","CPH2671"
"Sony","F5121"
"HUAWEI","NOH-NX9"
"samsung","SM-N976U"
"samsung","SM-S908B"
"samsung","SM-A102U1"
"samsung","SM-S921U"
"HUAWEI","MRD-LX3"
"samsung","SM-G892U"
"realme","RMX3203"
"samsung","SM-G950W"
"Sony","H3123"
"samsung","SM-S9180"
8849,"TANK2"
"OnePlus","CPH2653"
"OPPO","CPH2699"
"samsung","SM-A125U1"
"samsung","SM-G998U"
"realme","RMX3561"
"LANIX","Ilium Alpha 5s"
"HUAWEI","POT-LX3"
"samsung","SM-G960F"
"blackshark","SHARK KSR-H0"
"samsung","SM-S901N"
"ZUUM","SENS CURVE"
"Nothing","A142P"
"TCL","T779W"
"samsung","SM-M536B"
"OUKITEL","C36"
"samsung","SM-A127F"
"google","Pixel 9 Pro"
"samsung","SM-G990U"
"Redmi","M2103K19C"
"samsung","SM-J415G"
"samsung","SM-J810M"
"Google Inc.","K"
"Nokia","Nokia G10"
"lge","LM-K920"
"ZTE","ZTE A7040"
"Nokia","Nokia C2 2nd Edition"
"samsung","SM-A032F"
"RED","H1A1000"
"Google Inc.","BE2011"
"TRUE_SLIM","T1586K"
"Redmi","M2101K6P"
"samsung","SM-M305M"
"Nokia","Nokia 3.4"
"CUBOT","KINGKONG 5"
"OPPO","CPH2305"
"Nokia","Nokia C300"
"nubia","NX725J"
"realme","RMX3261"
"motorola","motorola edge 50 neo"
"Redmi","22011119TI"
"motorola","moto g(50) 5G"
"samsung","SM-T290"
"HONOR","ANY-LX3"
"google","sdk_gphone64_x86_64"
"HUAWEI","JAT-LX1"
"samsung","SM-M146B"
"samsung","SM-A525F"
"motorola","moto e22i"
"Nokia","Nokia C2 Tennen"
"POCO","M2102J20SG"
"lge","LM-Q720"
"samsung","SM-A225M"
"OPPO","CPH2363"
"HONOR","TFY-LX3"
"samsung","SM-N950U"
"RT project","GLAM"
"motorola","motorola edge 50 fusion"
"HONOR","JDY-LX3"
"Samsung","SM-A042M"
"Redmi","2303CRA44A"
"POCO","23049PCD8G"
"HUAWEI","VOG-L29"
"Tech_Pad","X11"
"samsung","SM-G960U"
"Xiaomi","2407FPN8EG"
"Redmi","2404ARN45A"
"realme","RMX2195"
"samsung","SM-A526U"
"nubia","NX669J"
"samsung","SM-A037F"
"ZTE","ZTE Blade V10"
"motorola","Moto G (5)"
"realme","RMX3780"
"samsung","SM-M127F"
"HUAWEI","MAR-LX2"
"POCO","23013PC75G"
"samsung","SM-A235M"
"T-Mobile","REVVL V+ 5G"
"motorola","moto g(30)"
"Redmi","23076RA4BC"
"Redmi","2201117SG"
"motorola","motorola razr 2024"
"Xiaomi","21091116I"
"lge","LM-G710VM"
"samsung","SM-N986U"
"Redmi","23124RN87G"
"POCO","22111317PG"
"xiaomi","Mi A2 Lite"
"motorola","moto e22s"
"ZUUM","MAGNO P4"
"samsung","SM-A125M"
"Redmi","2409BRN2CL"
"alps","A55"
"samsung","SCG10"
"motorola","moto g(20)"
"Redmi","M1908C3JGG"
"Redmi","2201117TL"
"samsung","SM-G770F"
"LANIX","X7"
"TECNO","TECNO KG8"
"POCO","2310FPCA4G"
"xiaomi","Redmi 6"
"DOOGEE","S98"
"motorola","moto g power 5G - 2024"
"asus","ASUS_AI2205_C"
"POCO","2409FPCC4G"
"OnePlus","GM1925"
"Nothing","A059P"
"Sony","G3223"
"motorola","moto g pure"
"samsung","SM-A325F"
"samsung","SM-S918B"
"Acer","A62 ULTRA"
"motorola","moto e5 plus"
"Samsung","SM-A307G"
"Redmi","Redmi Note 9 Pro"
"OPPO","CPH2591"
"Xiaomi","M2002J9G"
"htc","HTC One M9"
"motorola","moto g - 2025"
"motorola","moto g power"
"Google Inc.","5102L"
"Redmi","M2003J15SC"
"Nothing","A059"
"samsung","SM-F741U1"
"HUAWEI","EML-L29"
"OPPO","CPH2331"
"KYOCERA","E7110"
"motorola","motorola edge 60"
"samsung","SM-A5660"
"HONOR","DNY-NX9"
"UMIDIGI","MP18"
"realme","RMX3710"
"motorola","motorola razr 2023"
"samsung","SM-G991B"
"Nokia","Nokia 6.1"
"Infinix","Infinix X6880"
"samsung","SM-A515U"
"Motorola","moto g(50) 5G"
"motorola","moto g31"
"HUAWEI","ANG-LX2"
"samsung","SM-S918U1"
"vivo","V2332"
"HUAWEI","JKM-LX3"
"Redmi","23053RN02A"
"HUAWEI","STK-LX3"
"Cricket","EC211002"
"Huawei","JKM-L03"
"motorola","ThinkPhone by motorola"
"ZUUM","MAGNO C2"
"motorola","moto g(8) power lite"
"Redmi","23053RN02I"
"Motorola","moto g53 5G"
"samsung","SM-A166M"
"realme","RMX3627"
"POCO","22071219CG"
"samsung","SM-A236U"
"TECNO","TECNO CM5"
"Xiaomi","Mi Note 10 Pro"
"Infinix","Infinix X665B"
"google","Pixel Fold"
"BLU","J12"
"motorola","motorola one"
"DOOGEE","N55 Plus"
"Nothing","A065"
"ZUUM","STELLAR P3"
"motorola","moto e15"
"ZTE","ZTE Blade A33s"
"samsung","SM-M115M"
"samsung","SM-S916U"
"Nokia","Nokia G50"
"Alcatel","5030A"
"samsung","SM-S931U1"
"OnePlus","CPH2447"
"Redmi","Redmi Note 9"
"HUAWEI","PRA-LX3"
"motorola","moto g(6) play"
"Xiaomi","Mi Note 10"
"nubia","NX713J"
"Acer","AX64"
"OPPO","CPH2639"
"OnePlus","CPH2583"
"DOOGEE","V30Pro"
"samsung","SM-X218U"
"samsung","SM-G610F"
"Infinix","Infinix X670"
"ZTE","ZTE Blade A31"
"motorola","moto g52"
"Redmi","22101316G"
"samsung","SM-A015T1"
"Bmobile","BL52"
"Xiaomi","M2102K1G"
"CUBOT","KINGKONG ACE 2"
"Hisense","Hisense V40"
"samsung","SM-A022M"
"Xiaomi","22071212AG"
"samsung","SM-G988U"
"vivo","V2058"
"samsung","SM-A5560"
"AGM","AGM_H3"
"motorola","moto g stylus - 2025"
"samsung","SM-S356V"
"HUAWEI","MED-LX9"
"motorola","moto g56 5G"
"OPPO","CPH2625"
"W&O","pixel 9Pro"
"Foxx","A55AM"
"Honor","ALI-N03"
"Welcome","C37 Ultra"
"vivo","V1911A"
"samsung","SM-A3560"
"BLU","C6 2020"
"HONOR","RBN-NX3"
"HONOR","PTP-N49"
"samsung","SM-N981N"
"Sony","F8331"
"CUBOT","KINGKONG_AX"
"motorola","moto g(7) plus"
"samsung","SM-M526B"
"samsung","SM-G610M"
"ZUUM","AKUS Z1"
"HUAWEI","LDN-LX3"
"samsung","SM-N975F"
"HONOR","HRY-LX1T"
"motorola","moto g41"
"BLU","G53"
"Hisense","Hisense V60"
"ZTE","ZTE 8045"
"nubia","Z2351N"
"motorola","motorola razr 50 ultra"
"Infinix","Infinix X6851B"
"QTOUCH","Q624"
"Samsung","SM-A032F"
"HUAWEI","FRL-L23"
"POCO","M2010J19CG"
"vivo","V2057"
"HUAWEI","VCE-L22"
"Blackview","COLOR 8"
"ZTE","Nubia N40"
"HUAWEI","ELS-NX9"
"samsung","SM-A115AZ"
"Motorola","moto g(8) power lite"
"samsung","SM-F711U1"
"ZUUM","Hidra Plus"
"Acer","A60"
"Xiaomi","2210132G"
"realme","RMX3393"
"samsung","SM-A716U"
"Kodak","D60LX"
"samsung","SM-G781B"
"realme","RMX3690"
"motorola","motorola edge 40 neo"
"motorola","motorola edge plus (2022)"
"Redmi","23021RAA2Y"
"Hisense","Hisense E20"
"motorola","moto g fast"
"Motorola","moto g(7) plus"
"samsung","SM-G988U1"
"ZUUM","STELLAR M6"
"Redmi","M2104K10AC"
"Infinix","Infinix X6532"
"OPPO","PEPM00"
"OnePlus","CPH2551"
"samsung","SM-A022G"
